{
  "tile_id": 177,
  "input_band_names": [
    "VV",
    "VH",
    "B02",
    "B03",
    "B04",
    "B08",
    "B11",
    "B12"
  ],
  "target_band_names": [
    "AGB",
    "SD",
    "valid_mask"
  ],
  "x_shape": [
    8,
    320,
    320
  ],
  "y_shape": [
    1,
    32,
    32
  ],
  "sd_shape": [
    1,
    32,
    32
  ],
  "valid_mask_shape": [
    1,
    32,
    32
  ],
  "input_crs": "EPSG:3857",
  "target_crs": "EPSG:3857",
  "input_transform": [
    10.0,
    0.0,
    -6700800.0,
    0.0,
    -10.0,
    -288000.0,
    0.0,
    0.0,
    1.0
  ],
  "target_transform": [
    100.0,
    0.0,
    -6700800.0,
    0.0,
    -100.0,
    -288000.0,
    0.0,
    0.0,
    1.0
  ],
  "input_bounds": [
    -6700800.0,
    -291200.0,
    -6697600.0,
    -288000.0
  ],
  "target_bounds": [
    -6700800.0,
    -291200.0,
    -6697600.0,
    -288000.0
  ],
  "centroid_lon": -60.17993751373498,
  "centroid_lat": -2.6006276302773683,
  "input_resolution_m": 10,
  "target_resolution_m": 100
}